,Expected Energy of Entire Decay (keV/atom of parent isotope),Isotope
100Ag,1055.3,100Ag
100Cd,1518.64,100Cd
100In,2857.78,100In
100Kr,17239.11,100Kr
100Nb,2414.0,100Nb
100Rb,13269.11,100Rb
100Rh,40.92,100Rh
100Sn,2857.78,100Sn
100Sr,9001.1,100Sr
100Tc,1317.28574968,100Tc
100Y,6470.1,100Y
100Zr,3528.1,100Zr
101Ag,844.51,101Ag
101Cd,1790.89,101Cd
101In,1790.89,101In
101Mo,995.88,101Mo
101Nb,2792.88,101Nb
101Pd,17.33,101Pd
101Rb,15450.97,101Rb
101Sn,1790.89,101Sn
101Sr,11419.6,101Sr
101Tc,473.57,101Tc
101Y,7622.93,101Y
101Zr,4988.030000000001,101Zr
102Ag,0.0,102Ag
102Cd,59.84,102Cd
102In,59.84,102In
102Mo,2284.95,102Mo
102Nb,4232.95,102Nb
102Rb,16207.09,102Rb
102Rh,78.8048,102Rh
102Sn,1207.8,102Sn
102Sr,11589.09,102Sr
102Tc,1935.0,102Tc
102Y,8572.09,102Y
102Zr,5476.09,102Zr
103Ag,172.35,103Ag
103Cd,508.5,103Cd
103In,2069.7,103In
103Mo,2290.37,103Mo
103Nb,4401.37,103Nb
103Rb,17846.260000000002,103Rb
103Ru,63.64,103Ru
103Sn,2333.99,103Sn
103Sr,13484.259999999998,103Sr
103Tc,1040.37,103Tc
103Y,9790.259999999998,103Y
103Zr,6756.26,103Zr
104Ag,76.9,104Ag
104Cd,76.9,104Cd
104In,573.74,104In
104Mo,1783.24,104Mo
104Nb,4068.4,104Nb
104Rh,980.46795007695,104Rh
104Sn,1202.96,104Sn
104Sr,12734.4,104Sr
104Tc,931.0,104Tc
104Y,9304.4,104Y
104Zr,5810.4,104Zr
105Ag,0.0,105Ag
105Cd,206.28,105Cd
105In,1230.38,105In
105Mo,2375.78,105Mo
105Nb,4874.780000000001,105Nb
105Rh,152.18,105Rh
105Ru,562.78,105Ru
105Sn,2255.95,105Sn
105Sr,14739.38,105Sr
105Tc,1326.78,105Tc
105Y,10861.78,105Y
105Zr,7536.780000000001,105Zr
106Ag,495.43308,106Ag
106In,1297.56,106In
106Mo,4089.24,106Mo
106Nb,7402.24,106Nb
106Rh,1410.03,106Rh
106Ru,1420.06,106Ru
106Sn,1792.92,106Sn
106Sr,17433.960000000003,106Sr
106Tc,2877.06,106Tc
106Y,13353.24,106Y
106Zr,9540.24,106Zr
107Cd,0.284,107Cd
107In,337.534,107In
107Mo,5076.86,107Mo
107Nb,7891.860000000001,107Nb
107Pd,9.3,107Pd
107Rh,440.95,107Rh
107Ru,1503.32,107Ru
107Sb,3074.3740000000003,107Sb
107Sn,337.534,107Sn
107Tc,2766.32,107Tc
107Te,4443.6972,107Te
107Y,14540.86,107Y
107Zr,10873.86,107Zr
108Ag,589.4604,108Ag
108In,147.25,108In
108Mo,6006.91,108Mo
108Nb,9561.99,108Nb
108Rh,1853.5,108Rh
108Ru,2214.28,108Ru
108Sb,148.86,108Sb
108Sn,148.86,108Sn
108Tc,4474.28,108Tc
108Te,1462.0208,108Te
108Y,16338.99,108Y
108Zr,12128.99,108Zr
109In,16.41,109In
109Mo,7154.1,109Mo
109Nb,10312.1,109Nb
109Pd,360.03,109Pd
109Rh,1297.04,109Rh
109Ru,2386.4700000000003,109Ru
109Sb,1957.13,109Sb
109Sn,87.84,109Sn
109Tc,4498.120000000001,109Tc
109Te,1973.58878,109Te
109Xe,4018.8,109Xe
109Y,17480.1,109Y
109Zr,13699.1,109Zr
10Be,202.56,10Be
10C,807.21,10C
110Ag,1178.1549,110Ag
110I,1720.8884705259936,110I
110In,0.014,110In
110Mo,7445.8,110Mo
110Nb,11363.32,110Nb
110Rh,1150.0,110Rh
110Ru,2276.59,110Ru
110Sb,1953.43,110Sb
110Tc,5285.85,110Tc
110Te,1953.44201268192,110Te
110Xe,3016.319849389358,110Xe
110Zr,14207.32,110Zr
111Ag,350.27,111Ag
111I,1538.560124,111I
111Mo,9905.65,111Mo
111Nb,13304.65,111Nb
111Pd,1181.63,111Pd
111Rh,2478.05,111Rh
111Ru,4333.81,111Ru
111Sb,1537.02,111Sb
111Sn,191.71,111Sn
111Tc,6807.650000000001,111Tc
111Te,1537.02,111Te
111Xe,355.495776,111Xe
111Zr,16879.65,111Zr
112Ag,1395.49,112Ag
112I,1743.39,112I
112In,133.5264,112In
112Mo,10911.86,112Mo
112Nb,15089.86,112Nb
112Pd,1472.49,112Pd
112Rh,3944.83,112Rh
112Ru,5048.55,112Ru
112Sb,1743.39,112Sb
112Tc,8359.86,112Tc
112Te,1743.39,112Te
112Xe,1740.3218496000002,112Xe
112Zr,18119.86,112Zr
113Ag,855.45,113Ag
113Cd,92.6,113Cd
113I,2409.080006478103,113I
113Mo,12473.15,113Mo
113Nb,15767.25,113Nb
113Pd,2218.2,113Pd
113Rh,3798.36,113Rh
113Ru,6330.17,113Ru
113Sb,740.41,113Sb
113Sn,0.0,113Sn
113Tc,9043.15,113Tc
113Te,2409.08,113Te
113Xe,2409.2971340239037,113Xe
114Ag,2150.0,114Ag
114Ba,1397.9473698609045,114Ba
114Cs,1382.9710204000005,114Cs
114I,1383.22,114I
114In,770.15988345,114In
114Mo,13351.02,114Mo
114Nb,17471.02,114Nb
114Pd,2676.09,114Pd
114Rh,5418.09,114Rh
114Ru,6848.02,114Ru
114Sb,1251.43,114Sb
114Tc,10426.02,114Tc
114Te,1383.22,114Te
114Xe,1383.22,114Xe
115Ag,1546.18,115Ag
115Cd,469.2,115Cd
115I,1030.61,115I
115In,152.0,115In
115Mo,10677.18,115Mo
115Nb,14497.6,115Nb
115Pd,1546.18,115Pd
115Rh,1546.18,115Rh
115Ru,4084.18,115Ru
115Sb,225.96,115Sb
115Tc,7079.18,115Tc
115Te,1030.61,115Te
115Xe,1030.61461106,115Xe
116Ag,1950.29,116Ag
116Ba,3443.7,116Ba
116Cs,3443.7,116Cs
116I,3443.7,116I
116In,1362.5465422,116In
116Pd,2945.53,116Pd
116Rh,5902.23,116Rh
116Ru,7745.23,116Ru
116Sb,518.23,116Sb
116Tc,11438.23,116Tc
116Te,519.47,116Te
116Xe,3443.7,116Xe
117Ag,2501.21,117Ag
117Ba,1433.08558,117Ba
117Cd,1423.62,117Cd
117Cs,1433.08558,117Cs
117I,1433.08558,117I
117In,245.17,117In
117Pd,4393.66,117Pd
117Rh,6621.81,117Rh
117Ru,9318.81,117Ru
117Sb,4.8205800000000005,117Sb
117Tc,12491.81,117Tc
117Te,269.96558,117Te
117Xe,1433.08558,117Xe
118Ag,4619.0,118Ag
118Cd,2040.0,118Cd
118Cs,2106.19,118Cs
118I,2106.19,118I
118In,1879.0,118In
118Mo,18788.71,118Mo
118Pd,6072.62,118Pd
118Rh,9166.62,118Rh
118Ru,11260.62,118Ru
118Sb,871.73,118Sb
118Tc,15137.62,118Tc
118Xe,2106.19,118Xe
119Ag,3238.18,119Ag
119Cd,1425.08,119Cd
119Cs,2813.7467272000004,119Cs
119I,851.0967272,119I
119In,613.07,119In
119Pd,3238.18,119Pd
119Rh,5714.18,119Rh
119Ru,8634.18,119Ru
119Tc,11898.18,119Tc
119Te,5.929727199999999,119Te
119Xe,851.0967272,119Xe
11Be,4652.45,11Be
11C,384.8,11C
11Li,11391.36,11Li
120Ag,5204.0,120Ag
120Ba,1667.66,120Ba
120Cd,2917.0,120Cd
120I,1163.32,120I
120In,2240.0,120In
120Pd,6547.0,120Pd
120Rh,9808.0,120Rh
120Ru,12169.0,120Ru
120Sb,304.09,120Sb
120Tc,15586.01,120Tc
120Xe,1176.6899999999998,120Xe
121Ag,3956.51,121Ag
121Ba,2302.77,121Ba
121Cd,2301.5,121Cd
121Ce,2302.77,121Ce
121Cs,2302.77,121Cs
121I,49.91,121I
121In,1099.82,121In
121La,2302.77,121La
121Pd,6291.51,121Pd
121Rh,8962.51,121Rh
121Ru,11913.51,121Ru
121Sn,115.82,121Sn
121Tc,15477.63,121Tc
121Te,0.0,121Te
121Xe,584.9,121Xe
122Ag,6362.06038,122Ag
122Ba,2594.69,122Ba
122Cd,3326.81,122Cd
122Cs,2594.69,122Cs
122I,1105.48,122I
122In,2530.0,122In
122La,2594.69,122La
122Pd,8012.06038,122Pd
122Ru,3224.62,122Ru
122Sb,548.4464699800001,122Sb
123Ag,6272.709999999999,123Ag
123Ba,1096.45,123Ba
123Cd,3656.74,123Cd
123Ce,1096.45,123Ce
123Cs,1096.45,123Cs
123I,0.0,123I
123In,1882.87,123In
123La,1096.45,123La
123Pd,8767.71,123Pd
123Rh,11670.71,123Rh
123Ru,15062.99,123Ru
123Sn,523.17,123Sn
123Xe,150.27,123Xe
124Ag,6558.639999999999,124Ag
124Ba,1982.38,124Ba
124Cd,3145.31,124Cd
124Ce,1982.38,124Ce
124Cs,1902.65,124Cs
124I,187.25,124I
124In,2048.52,124In
124La,1982.38,124La
124Pd,8539.64,124Pd
124Pr,1982.38,124Pr
124Rh,12035.64,124Rh
124Ru,15588.6,124Ru
124Sb,385.55,124Sb
125Ag,7498.56,125Ag
125Ba,343.575,125Ba
125Cd,4907.56,125Cd
125Ce,343.575,125Ce
125Cs,343.575,125Cs
125In,2687.56,125In
125La,343.575,125La
125Nd,343.575,125Nd
125Pd,10281.89,125Pd
125Pr,343.575,125Pr
125Rh,13529.49,125Rh
125Sb,77.59,125Sb
125Sn,879.3000000000001,125Sn
125Xe,0.565,125Xe
126Ag,7248.15,126Ag
126Ba,1315.33,126Ba
126Cd,4252.15,126Cd
126Ce,0.0,126Ce
126Cs,1313.52,126Cs
126I,73.15891,126I
126In,2761.65,126In
126La,0.0,126La
126Pd,9272.15,126Pd
126Pr,0.0,126Pr
126Rh,12680.82,126Rh
126Sb,354.9,126Sb
126Sn,361.65,126Sn
127Ag,8250.98,127Ag
127Ba,566.54,127Ba
127Cd,5363.9800000000005,127Cd
127Ce,566.54,127Ce
127Cs,11.74,127Cs
127In,3290.9800000000005,127In
127La,566.54,127La
127Pd,11387.920000000002,127Pd
127Pr,566.54,127Pr
127Rh,14935.940000000002,127Rh
127Sb,534.71,127Sb
127Sn,1091.95,127Sn
127Te,226.05,127Te
128Ag,8268.720000000001,128Ag
128Cd,5069.72,128Cd
128Ce,0.0,128Ce
128Cs,869.67,128Cs
128I,694.59137562,128I
128In,3300.08,128In
128Nd,3427.7,128Nd
128Pd,11029.72,128Pd
128Pr,3427.7,128Pr
128Sb,460.46,128Sb
128Sn,660.0799999999999,128Sn
129Ag,10298.42,129Ag
129Ba,108.13256,129Ba
129Cd,7191.42,129Cd
129Ce,2107.62256,129Ce
129Cs,0.00256,129Cs
129I,40.03,129I
129In,4887.42,129In
129La,718.53256,129La
129Nd,2107.62256,129Nd
129Pd,13732.229999999998,129Pd
129Pm,2107.62256,129Pm
129Pr,2107.62256,129Pr
129Sb,842.23,129Sb
129Sn,2087.6800000000003,129Sn
129Te,564.05,129Te
12B,6388.94,12B
12Be,11975.96,12Be
12N,7799.07,12N
130Ag,10660.61,130Ag
130Cd,6360.610000000001,130Cd
130Ce,1125.24,130Ce
130Cs,375.61672,130Cs
130Eu,0.0,130Eu
130I,268.64,130I
130In,3990.61,130In
130La,1104.88,130La
130Nd,1125.24,130Nd
130Pm,1125.24,130Pm
130Pr,1125.24,130Pr
130Sb,656.4,130Sb
130Sn,1065.97,130Sn
131Ag,14017.52,131Ag
131Ba,0.0,131Ba
131Cd,9895.52,131Cd
131Ce,167.45,131Ce
131Eu,257.6915,131Eu
131I,181.85,131I
131In,6377.52,131In
131La,167.45,131La
131Nd,2342.65,131Nd
131Pm,2342.65,131Pm
131Pr,167.45,131Pr
131Sb,1519.52,131Sb
131Sm,2342.65,131Sm
131Sn,3077.52,131Sn
131Te,871.82,131Te
132Ag,10945.19,132Ag
132Cd,7510.45,132Cd
132Ce,543.54,132Ce
132Cs,0.8942816999999998,132Cs
132I,485.65,132I
132In,4105.45,132In
132La,543.54,132La
132Nd,1023.83,132Nd
132Pm,2904.74,132Pm
132Pr,543.54,132Pr
132Sn,674.16,132Sn
132Te,545.4499999999999,132Te
133Cd,8860.05,133Cd
133Ce,351.38,133Ce
133I,505.21,133I
133In,8860.05,133In
133La,33.17,133La
133Nd,1892.31,133Nd
133Pm,1892.31,133Pm
133Pr,351.38,133Pr
133Sb,1694.05,133Sb
133Sm,1892.31,133Sm
133Sn,5094.05,133Sn
133Te,1184.5,133Te
133Xe,100.16,133Xe
134Cd,13747.71,134Cd
134Cs,150.71954784,134Cs
134I,626.35,134I
134In,10117.71,134In
134La,774.07,134La
134Nd,1122.72,134Nd
134Pm,4489.84,134Pm
134Pr,974.68,134Pr
134Sb,3595.87,134Sb
134Sm,6462.42,134Sm
134Sn,6125.71,134Sn
134Te,814.95,134Te
135Ce,1.2163,135Ce
135Cs,75.7,135Cs
135Eu,908.1363,135Eu
135Gd,908.1363,135Gd
135I,716.5699999999999,135I
135In,13484.34,135In
135La,0.0063,135La
135Nd,908.1363,135Nd
135Pm,908.1363,135Pm
135Pr,1.2163,135Pr
135Sb,5871.93,135Sb
135Sm,908.1363,135Sm
135Sn,9425.34,135Sn
135Tb,0.0,135Tb
135Te,3124.82,135Te
135Xe,380.42,135Xe
136Cs,105.47,136Cs
136Eu,2889.8700000000003,136Eu
136I,1961.97,136I
136In,13195.02,136In
136La,289.87,136La
136Nd,783.3599999999999,136Nd
136Pm,2889.87,136Pm
136Pr,764.31,136Pr
136Sb,6198.02,136Sb
136Sm,2889.8700000000003,136Sm
136Sn,8812.02,136Sn
136Te,3246.07,136Te
137Ce,0.00814,137Ce
137Cs,187.1,137Cs
137I,3824.0,137I
137In,15974.0,137In
137Nd,504.13814,137Nd
137Pm,1511.9581400000002,137Pm
137Pr,188.15814,137Pr
137Sb,8570.0,137Sb
137Sm,1511.9581400000002,137Sm
137Sn,11540.0,137Sn
137Te,5997.0,137Te
137Xe,1890.0,137Xe
138Cs,1225.0,138Cs
138Eu,1158.55,138Eu
138Gd,1158.55,138Gd
138I,4801.13,138I
138La,11.13315,138La
138Nd,1158.55,138Nd
138Pm,1158.55,138Pm
138Pr,1158.55,138Pr
138Sm,1158.55,138Sm
138Sn,3011.0,138Sn
138Te,6747.13,138Te
138Xe,1905.38,138Xe
139Ba,891.51,139Ba
139Cs,2562.21,139Cs
139Dy,0.0,139Dy
139Eu,5592.72,139Eu
139Gd,5592.72,139Gd
139I,6623.52,139I
139Nd,238.73,139Nd
139Pm,2141.64,139Pm
139Pr,41.47,139Pr
139Sb,11907.52,139Sb
139Sm,3605.81,139Sm
139Sn,15162.52,139Sn
139Tb,0.0,139Tb
139Te,8999.52,139Te
139Xe,4142.21,139Xe
13B,6352.86,13B
13N,490.85,13N
13O,8411.16,13O
140Ba,799.71,140Ba
140Cs,2709.91,140Cs
140Eu,5323.9400000000005,140Eu
140Gd,6619.78,140Gd
140Ho,0.0,140Ho
140I,6538.62,140I
140La,525.63,140La
140Pm,2011.28,140Pm
140Pr,544.25,140Pr
140Sb,12133.33,140Sb
140Sm,2157.19,140Sm
140Tb,9556.48,140Tb
140Te,8870.33,140Te
140Xe,3798.38,140Xe
141Ba,2052.12,141Ba
141Ce,145.19,141Ce
141Cs,3558.12,141Cs
141Dy,8202.33,141Dy
141Eu,3219.24,141Eu
141Gd,5359.04,141Gd
141Ho,0.0,141Ho
141I,8320.97,141I
141La,1132.32,141La
141Nd,9.51,141Nd
141Pm,602.75,141Pm
141Sm,1310.21,141Sm
141Tb,8202.33,141Tb
141Xe,5895.969999999999,141Xe
142Ba,1371.1,142Ba
142Cs,3851.1,142Cs
142Dy,8988.27,142Dy
142Eu,4156.28,142Eu
142Gd,4885.38,142Gd
142Ho,8988.27,142Ho
142La,961.9,142La
142Pm,1353.07,142Pm
142Pr,809.9671436,142Pr
142Sb,3283.0,142Sb
142Sm,1391.62,142Sm
142Tb,8988.27,142Tb
142Xe,5254.5,142Xe
143Ba,3147.03,143Ba
143Ce,716.63,143Ce
143Cs,5041.16,143Cs
143Dy,3632.22,143Dy
143Eu,1879.81,143Eu
143Gd,3632.22,143Gd
143La,1952.03,143La
143Pm,0.0,143Pm
143Pr,315.08,143Pr
143Sm,488.78,143Sm
143Tb,3632.22,143Tb
143Xe,7091.16,143Xe
144Ba,5056.83,144Ba
144Ce,3140.8300000000004,144Ce
144Cs,7646.0999999999985,144Cs
144Dy,2056.45,144Dy
144Eu,2056.45,144Eu
144Gd,2056.45,144Gd
144La,4127.030000000001,144La
144Nd,1850.24,144Nd
144Pm,1850.24,144Pm
144Pr,3058.7200000000003,144Pr
144Tb,2056.45,144Tb
144Xe,9252.1,144Xe
145Ba,3341.08,145Ba
145Ce,1293.98,145Ce
145Cs,5370.87,145Cs
145Dy,0.0,145Dy
145Eu,12.67,145Eu
145Gd,353.23,145Gd
145Ho,1390.44,145Ho
145La,2055.78,145La
145Pm,1.7556000000000001e-12,145Pm
145Pr,674.78,145Pr
145Xe,7661.87,145Xe
146Ba,4934.549999999999,146Ba
146Ce,1507.7,146Ce
146Cs,7534.63,146Cs
146Dy,6264.07,146Dy
146Eu,2491.8,146Eu
146Gd,2491.8,146Gd
146Ho,6264.07,146Ho
146I,12324.63,146I
146La,3827.24,146La
146Pm,871.34005,146Pm
146Pr,1292.4,146Pr
146Sm,2460.0,146Sm
146Tb,5496.0,146Tb
146Xe,9505.63,146Xe
147Ba,7342.92,147Ba
147Ce,3900.41,147Ce
147Cs,9275.09,147Cs
147Dy,156.483001408,147Dy
147Er,2650.0030014080003,147Er
147Eu,1.408e-06,147Eu
147Gd,0.4830014079999999,147Gd
147Ho,2650.003001408,147Ho
147La,5484.92,147La
147Nd,2541.91,147Nd
147Pm,2309.93,147Pm
147Pr,3210.41,147Pr
147Sm,2248.0,147Sm
147Tb,156.483001408,147Tb
147Tm,2252.5025511968,147Tm
147Xe,11554.09,147Xe
148Ba,5702.959999999999,148Ba
148Ce,1824.9,148Ce
148Cs,8156.96,148Cs
148Dy,4018.73,148Dy
148Er,7927.639999999999,148Er
148Eu,3782.891017392256,148Eu
148Gd,3182.69,148Gd
148Ho,7927.639999999999,148Ho
148La,4433.9,148La
148Pm,4511.35,148Pm
148Pr,1239.2,148Pr
148Sm,3782.54,148Sm
148Tb,4000.82,148Tb
148Tm,7927.639999999999,148Tm
149Ba,6588.6900000000005,149Ba
149Ce,2810.9,149Ce
149Cs,9095.69,149Cs
149Dy,215.72141761,149Dy
149Er,1747.21141761,149Er
149Gd,0.00217,149Gd
149Ho,836.93141761,149Ho
149La,4572.6900000000005,149La
149Nd,825.0,149Nd
149Pm,363.1,149Pm
149Pr,1635.7,149Pr
149Tb,155.69141760999997,149Tb
149Tm,1747.21141761,149Tm
149Yb,1747.21141761,149Yb
14B,6609.490000000001,14B
14Be,13257.78,14Be
14C,49.47,14C
14O,776.22,14O
150Ba,6366.54,150Ba
150Ce,2457.98,150Ce
150Cs,9117.54,150Cs
150Dy,4979.440823808,150Dy
150Er,6139.1508238080005,150Er
150Eu,0.042,150Eu
150Gd,5186.0,150Gd
150Ho,5668.570823808001,150Ho
150La,4381.54,150La
150Lu,1238.7728950854903,150Lu
150Pm,757.91,150Pm
150Pr,1841.08,150Pr
150Tb,5578.7959122,150Tb
150Tm,8517.800823808,150Tm
151Ba,7815.0,151Ba
151Ce,3430.0,151Ce
151Cs,10779.0,151Cs
151Dy,40.342355927297454,151Dy
151Er,1321.698697933052,151Er
151Gd,1.7983999999999996e-05,151Gd
151Ho,503.818697933052,151Ho
151La,5632.0,151La
151Lu,1072.211163443497,151Lu
151Nd,875.6999999999999,151Nd
151Pm,299.4,151Pm
151Pr,1990.0,151Pr
151Sm,19.5,151Sm
151Tb,4.059690517425279,151Tb
151Tm,2929.538697933052,151Tm
151Yb,2929.538697933052,151Yb
152Ba,9664.97,152Ba
152Ce,4785.969999999999,152Ce
152Cs,12040.97,152Cs
152Dy,6157.905466453758,152Dy
152Er,8209.871361047932,152Er
152Eu,1673.35905104,152Eu
152Gd,5929.4400000000005,152Gd
152Ho,6565.493610479307,152Ho
152La,7140.969999999999,152La
152Lu,13282.851361047931,152Lu
152Nd,1642.1699999999998,152Nd
152Pm,1303.6,152Pm
152Pr,3619.97,152Pr
152Tb,6160.880026480237,152Tb
152Tm,8653.65136104793,152Tm
152Yb,9856.55136104793,152Yb
153Ba,10512.77,153Ba
153Ce,5419.77,153Ce
153Dy,5.72949222798,153Dy
153Er,1794.6780091519647,153Er
153Ho,504.20267620992473,153Ho
153La,8014.77,153La
153Nd,2039.77,153Nd
153Pm,886.47,153Pm
153Pr,3739.77,153Pr
153Sm,223.87,153Sm
153Tb,0.2,153Tb
153Tm,5163.407510848777,153Tm
153Yb,6301.153901524898,153Yb
154Ba,10019.11,154Ba
154Ce,5166.58,154Ce
154Dy,8056.0,154Dy
154Er,8966.420264169503,154Er
154Eu,171.9790382,154Eu
154Hf,0.0,154Hf
154Ho,8972.635048023318,154Ho
154La,7781.58,154La
154Nd,1705.3000000000002,154Nd
154Pm,849.1,154Pm
154Pr,3472.58,154Pr
154Tb,31.476000000000003,154Tb
154Tm,8630.578366374293,154Tm
154Yb,10894.632121957904,154Yb
155Ce,6827.81,155Ce
155Dy,5.47,155Dy
155Er,5.477866178304005,155Er
155Eu,32.65,155Eu
155Ho,5.47,155Ho
155La,9644.81,155La
155Lu,3166.2137673016896,155Lu
155Nd,2741.81,155Nd
155Pm,1657.21,155Pm
155Pr,4812.81,155Pr
155Sm,585.2099999999999,155Sm
155Ta,0.0,155Ta
155Tm,9.614095081868411,155Tm
155Yb,5296.289391619422,155Yb
156Ce,6065.9,156Ce
156Er,0.0010468439996771,156Er
156Eu,428.88,156Eu
156Hf,15729.55136104793,156Hf
156Ho,0.0,156Ho
156La,9101.9,156La
156Lu,13196.189261142588,156Lu
156Nd,1798.9,156Nd
156Pm,1798.9,156Pm
156Pr,3947.9,156Pr
156Sm,593.0,156Sm
156Ta,4561.5698947039,156Ta
156Tb,0.0,156Tb
156Tm,4.204696484726274,156Tm
156Yb,1077.759362941047,156Yb
157Ce,9241.49,157Ce
157Dy,0.00314,157Dy
157Er,139.08314,157Er
157Eu,376.79,157Eu
157Hf,10986.996267433406,157Hf
157Ho,29.52314,157Ho
157Lu,0.0,157Lu
157Nd,4423.49,157Nd
157Pm,2755.49,157Pm
157Pr,6810.49,157Pr
157Sm,1215.69,157Sm
157Ta,6242.91806627563,157Ta
157Tm,139.08314,157Tm
157Yb,147.4737143457598,157Yb
158Ce,9653.8,158Ce
158Eu,823.7,158Eu
158Hf,6787.249277856454,158Hf
158Ho,0.0,158Ho
158Lu,1664.433191793721,158Lu
158Nd,4493.8,158Nd
158Pm,2904.8,158Pm
158Pr,7045.799999999999,158Pr
158Sm,1335.8000000000002,158Sm
158Ta,610.852435007081,158Ta
158Tb,7.413559999999999,158Tb
158Tm,1599.85,158Tm
158W,6445.0,158W
158Yb,1600.0688966189475,158Yb
159Er,28.862,159Er
159Eu,1170.36,159Eu
159Gd,302.92,159Gd
159Hf,1986.022836228601,159Hf
159Ho,0.622,159Ho
159Lu,203.57161409508188,159Lu
159Nd,6387.360000000001,159Nd
159Pm,4324.360000000001,159Pm
159Pr,9160.36,159Pr
159Sm,2542.36,159Sm
159Ta,3025.16855279345,159Ta
159Tm,203.562,159Tm
159W,6260.281648552795,159W
159Yb,203.562,159Yb
15B,2996.29,15B
15C,2996.29,15C
15O,734.55,15O
160Eu,1889.07,160Eu
160Hf,14.203249715850935,160Hf
160Ho,0.0,160Ho
160Lu,6.470004204696484,160Lu
160Nd,6804.77,160Nd
160Pm,4704.77,160Pm
160Pr,9443.77,160Pr
160Re,6152.436355629416,160Re
160Sm,2735.77,160Sm
160Ta,6293.804348788479,160Ta
160Tb,210.29,160Tb
160Tm,0.0,160Tm
160W,18977.697049454204,160W
160Yb,6.47,160Yb
161Er,0.148,161Er
161Eu,1949.55,161Eu
161Gd,714.55,161Gd
161Hf,0.3568654286494878,161Hf
161Lu,0.148,161Lu
161Nd,7724.55,161Nd
161Pm,5564.55,161Pm
161Re,19065.097902382066,161Re
161Sm,3456.55,161Sm
161Tb,155.69,161Tb
161Tm,0.148,161Tm
161W,11098.004775226384,161W
161Yb,0.148,161Yb
162Eu,1482.73,162Eu
162Gd,827.05,162Gd
162Hf,99.55207855172952,162Hf
162Ho,18.74,162Ho
162Lu,99.432,162Lu
162Nd,7429.73,162Nd
162Os,12916.53,162Os
162Pm,4944.73,162Pm
162Re,6378.659287335878,162Re
162Sm,2865.73,162Sm
162Ta,100.7127619755286,162Ta
162Tb,487.25,162Tb
162Tm,98.97,162Tm
162W,4254.053307153708,162W
162Yb,99.432,162Yb
163Er,0.00295,163Er
163Eu,2932.84,163Eu
163Gd,1391.84,163Gd
163Hf,152.133153562,163Hf
163Lu,152.13295,163Lu
163Os,6260.281648552794,163Os
163Pm,6994.84,163Pm
163Re,1246.150941529364,163Re
163Sm,4601.84,163Sm
163Ta,152.23603048306614,163Ta
163Tb,335.17,163Tb
163Tm,2.71295,163Tm
163W,408.9661832874412,163W
163Yb,152.13295,163Yb
164Eu,2907.53,164Eu
164Gd,1344.53,164Gd
164Hf,0.0,164Hf
164Ho,49.760000000000005,164Ho
164Lu,0.0,164Lu
164Os,18486.534700170545,164Os
164Re,6698.638317362783,164Re
164Sm,4710.530000000001,164Sm
164Ta,2729.78,164Ta
164Tb,828.42,164Tb
164Tm,775.355,164Tm
164W,2626.5880834892023,164W
165Dy,440.9,165Dy
165Eu,3802.85,165Eu
165Gd,1972.85,165Gd
165Hf,46.6576,165Hf
165Lu,46.6576,165Lu
165Os,14443.970576617405,165Os
165Re,40.06278913653728,165Re
165Sm,5765.85,165Sm
165Ta,46.6576,165Ta
165Tb,1352.46,165Tb
165Tm,0.0076,165Tm
165W,46.584638530857305,165W
165Yb,46.6576,165Yb
166Dy,789.99,166Dy
166Eu,5768.89,166Eu
166Gd,3930.89,166Gd
166Hf,422.76,166Hf
166Ho,664.94,166Ho
166Ir,12624.805677585588,166Ir
166Lu,414.81,166Lu
166Os,6966.684164992636,166Os
166Pt,20026.53,166Pt
166Re,2846.4092280070213,166Re
166Sm,7852.89,166Sm
166Ta,2751.88,166Ta
166Tb,2756.8900000000003,166Tb
166Tm,9.44,166Tm
166W,3294.9617962274933,166W
167Dy,830.26,167Dy
167Eu,5765.93,167Eu
167Gd,3741.93,167Gd
167Hf,891.19,167Hf
167Ho,189.57,167Ho
167Ir,3282.91819989276,167Ir
167Lu,56.33,167Lu
167Os,2277.134075805107,167Os
167Pt,13242.281648552796,167Pt
167Re,883.5077937936412,167Re
167Ta,891.1899999999999,167Ta
167Tb,2196.9300000000003,167Tb
167W,890.8943772614247,167W
167Yb,1.43,167Yb
168Dy,1117.36,168Dy
168Eu,5406.46,168Eu
168Gd,3238.46,168Gd
168Hf,0.00366,168Hf
168Ho,748.59,168Ho
168Ir,6698.638317362783,168Ir
168Lu,0.0,168Lu
168Os,4804.319063347477,168Os
168Pt,25270.714700170545,168Pt
168Re,4661.190153416,168Re
168Ta,1780.03366,168Ta
168Tb,1717.46,168Tb
168Tm,0.0054799069999999,168Tm
168W,2003.993664416,168W
169Dy,1653.9,169Dy
169Er,99.75,169Er
169Gd,4921.9,169Gd
169Hf,485.56,169Hf
169Ho,495.9,169Ho
169Ir,1532.0442551114418,169Ir
169Lu,3.65,169Lu
169Os,524.5452720296074,169Os
169Pt,21135.9705766174,169Pt
169Re,485.56466576,169Re
169Ta,485.56,169Ta
169Tb,3008.9,169Tb
169W,485.56,169W
16C,4842.93,16C
16N,2756.83,16N
170Au,20284.4545377239,170Au
170Dy,1109.94,170Dy
170Gd,4398.31,170Gd
170Ho,656.88,170Ho
170Ir,3684.477003024613,170Ir
170Lu,3.1,170Lu
170Os,3713.8607206416114,170Os
170Pt,13190.121421753276,170Pt
170Re,3705.53,170Re
170Ta,1421.45,170Ta
170Tb,2484.31,170Tb
170Tm,316.84438939999995,170Tm
170W,1421.45,170W
171Au,13190.121421753276,171Au
171Dy,1834.97,171Dy
171Er,382.55,171Er
171Hf,0.0111,171Hf
171Ho,1285.52,171Ho
171Lu,0.0111,171Lu
171Os,3108.019838990705,171Os
171Pt,7740.966668224595,171Pt
171Re,1206.8311,171Re
171Ta,0.0111,171Ta
171Tb,3428.9700000000003,171Tb
171Tm,23.76,171Tm
171W,0.0111,171W
172Au,13460.638317362784,172Au
172Er,593.22,172Er
172Hg,25270.714700170545,172Hg
172Ho,1846.4,172Ho
172Ir,407.0490146505754,172Ir
172Lu,0.118,172Lu
172Os,317.978787328832,172Os
172Pt,4540.482860425662,172Pt
172Re,314.6,172Re
172Ta,314.6,172Ta
172Tb,1511.0,172Tb
172Tm,491.3,172Tm
172W,314.6,172W
173Au,7345.220399804755,173Au
173Dy,2120.03,173Dy
173Er,914.0,173Er
173Hf,0.0221,173Hf
173Hg,28338.970576617405,173Hg
173Ho,1366.09,173Ho
173Ir,130.1597009912,173Ir
173Os,87.09653159999999,173Os
173Pt,5062.554286104055,173Pt
173Re,85.4921,173Re
173Ta,51.8921,173Ta
173Tm,294.3,173Tm
173W,85.4921,173W
174Au,0.0,174Au
174Er,973.95,174Er
174Hf,0.0,174Hf
174Hg,20154.97773606626,174Hg
174Ho,1523.0,174Ho
174Ir,18.6516,174Ir
174Lu,0.0408,174Lu
174Os,0.2844804,174Os
174Pt,6251.236131687625,174Pt
174Re,269.75,174Re
174Ta,269.75,174Ta
174Tm,389.6,174Tm
174W,269.75,174W
175Er,1498.5800000000002,175Er
175Hg,14554.146668224595,175Hg
175Ho,2148.4,175Ho
175Ir,12.15478435,175Ir
175Os,1.52,175Os
175Pt,4420.727619320052,175Pt
175Re,1.52,175Re
175Ta,1.52,175Ta
175Tm,366.93,175Tm
175W,1.52,175W
175Yb,112.73,175Yb
176Hg,10233.23748880012,176Hg
176Ir,809.6108800000002,176Ir
176Lu,181.81,176Lu
176Os,821.19,176Os
176Pt,1533.3460429315328,176Pt
176Re,821.19,176Re
176Ta,7.43,176Ta
176Tl,14554.146668224595,176Tl
176Tm,709.2,176Tm
177Au,66.34687672722801,177Au
177Hg,11641.554286104054,177Hg
177Ir,1.00852766,177Ir
177Lu,133.64,177Lu
177Os,0.956,177Os
177Pt,23.804993884580004,177Pt
177Re,0.956,177Re
177Ta,0.0,177Ta
177Tl,11805.725313833504,177Tl
177Tm,1729.19,177Tm
177W,0.956,177W
177Yb,556.86,177Yb
178Au,427.02254099448,178Au
178Hg,4503.972054479681,178Hg
178Ir,437.06,178Ir
178Lu,736.51,178Lu
178Os,437.06,178Os
178Pt,422.6898349908,178Pt
178Re,437.06,178Re
178Ta,5.13,178Ta
178Yb,927.82,178Yb
179Au,975.554773837,179Au
179Hg,4702.477338852679,179Hg
179Ir,5.4,179Ir
179Lu,486.9,179Lu
179Os,5.4,179Os
179Pt,1247.2829759999995,179Pt
179Re,5.4,179Re
179Tl,6567.0,179Tl
179W,0.0,179W
179Yb,1093.61,179Yb
17B,13385.08,17B
17C,5386.26,17C
17F,738.59,17F
17N,1720.12,17N
17Ne,4386.75,17Ne
180Au,1271.9926875196,180Au
180Hg,2807.192698117328,180Hg
180Ir,1281.8074,180Ir
180Lu,561.49,180Lu
180Os,87.01740000000001,180Os
180Pb,10233.237488800123,180Pb
180Pt,1280.4681177999998,180Pt
180Re,86.95,180Re
180Ta,4.752,180Ta
180Tl,5442.226536230288,180Tl
180W,0.0,180W
180Yb,1107.87,180Yb
181Au,12.76913753522,181Au
181Hf,121.02,181Hf
181Hg,412.1277187495472,181Hg
181Ir,8.93713,181Ir
181Lu,860.8299999999999,181Lu
181Os,8.93713,181Os
181Pb,18822.874286104052,181Pb
181Pt,8.9408708,181Pt
181Re,0.00713,181Re
181Tl,59.80868767272281,181Tl
182Au,552.21598055298,182Au
182Hf,160.65,182Hf
182Hg,1056.7469724653993,182Hg
182Ir,514.78,182Ir
182Lu,870.1999999999999,182Lu
182Pb,4434.926201894156,182Pb
182Pt,552.3568054000001,182Pt
182Re,0.0506,182Re
182Ta,127.75,182Ta
182Tl,1051.679425203488,182Tl
183Au,910.058904297616,183Au
183Hf,677.74,183Hf
183Hg,1030.3927106867948,183Hg
183Ir,76.48899999999999,183Ir
183Lu,1874.63,183Lu
183Os,0.669,183Os
183Pb,9677.643604967412,183Pb
183Pt,76.489561888,183Pt
183Ta,187.84,183Ta
183Tl,0.0,183Tl
184Au,135.041960077,184Au
184Bi,5442.226536230288,184Bi
184Hf,719.03,184Hf
184Hg,349.85089942772527,184Hg
184Ir,134.3,184Ir
184Lu,2763.9300000000003,184Lu
184Pb,2320.134093889393,184Pb
184Pt,134.836870893,184Pt
184Re,0.0,184Re
184Ta,414.85,184Ta
184Tl,371.89967697765474,184Tl
185Au,0.0575565379999999,185Au
185Bi,2094.101553267726,185Bi
185Hf,1778.74,185Hf
185Hg,20.92935539372,185Hg
185Ir,0.0,185Ir
185Pb,882.3876243748462,185Pb
185Pt,0.0,185Pt
185Ta,765.41,185Ta
185W,126.88,185W
186Au,1029.2741185376,186Au
186Bi,9820.69942520349,186Bi
186Hf,1790.3000000000002,186Hf
186Hg,1099.2765973674975,186Hg
186Ir,39.67,186Ir
186Os,0.0,186Os
186Pb,2093.8846398539586,186Pb
186Pt,39.67,186Pt
186Re,296.99354100000005,186Re
186Ta,1056.97,186Ta
186Tl,1099.309751446331,186Tl
187Au,113.7491989,187Au
187Bi,7065.34,187Bi
187Hg,113.749484146179,187Hg
187Ir,0.0769,187Ir
187Pb,241.7291216600543,187Pb
187Po,17283.72360496741,187Po
187Pt,47.4469,187Pt
187Re,0.61818784,187Re
187Tl,114.02250181746824,187Tl
187W,245.86818784,187W
188Au,2.64999931125168,188Au
188Bi,7220.759676977655,188Bi
188Hg,9.490045690200963,188Hg
188Ir,2.65,188Ir
188Pb,85.72916825789055,188Pb
188Po,10119.534093889391,188Po
188Pt,2.64999931125168,188Pt
188Re,764.19,188Re
188Ta,2548.48,188Ta
188Tl,9.490045690200963,188Tl
188W,863.1500000000001,188W
189Au,1.83,189Au
189Bi,5173.75,189Bi
189Hg,1.83,189Hg
189Pb,2.00539742157488,189Pb
189Po,8169.2276243748465,189Po
189Pt,1.83,189Pt
189Re,310.61,189Re
189Tl,1.83,189Tl
189W,1097.28,189W
18C,7032.28,18C
18F,241.63,18F
18N,3476.18,18N
18Ne,1740.79,18Ne
190Au,3262.1500003967003,190Au
190Bi,5497.73914699359,190Bi
190Hg,3262.150000531578,190Hg
190Ir,0.0,190Ir
190Pb,4347.713706918921,190Pb
190Po,9611.63463985396,190Po
190Pt,3175.0,190Pt
190Re,632.77,190Re
190Tl,4216.8200005315775,190Tl
190W,942.77,190W
191At,14617.34,191At
191Au,0.962,191Au
191Bi,1701.6184655946488,191Bi
191Hg,0.962,191Hg
191Os,37.5,191Os
191Pb,0.0148768729390032,191Pb
191Po,7398.803730443454,191Po
191Re,764.4776,191Re
192At,14621.289676977653,192At
192Au,59.81,192Au
192Bi,115.56851578823634,192Bi
192Ir,162.06038399999997,192Ir
192Pb,30.77876171069573,192Pb
192Po,7209.003764995542,192Po
192Re,0.0,192Re
192Ta,0.0,192Ta
192Tl,0.0,192Tl
193At,12408.75,193At
193Au,0.0,193Au
193Bi,4.6151,193Bi
193Hg,4.6,193Hg
193Os,354.14,193Os
193Po,6946.305397421575,193Po
193Rn,15903.627624374843,193Rn
193Tl,4.6,193Tl
194At,5497.739146993589,194At
194Au,10.73,194Au
194Bi,606.3352362911095,194Bi
194Ir,800.67,194Ir
194Os,817.0799999999999,194Os
194Pb,589.5302413991001,194Pb
194Po,10000.022013974976,194Po
194Rn,17311.63463985396,194Rn
194Tl,586.46000326215,194Tl
195At,8654.618465594649,195At
195Bi,9.016783299999998,195Bi
195Hg,0.159,195Hg
195Ir,326.15,195Ir
195Pb,9.019,195Pb
195Po,6777.6635912585625,195Po
195Rn,14915.963730443456,195Rn
195Tl,9.019,195Tl
196At,6708.428187052657,196At
196Au,0.3689,196Au
196Bi,1295.9800007107,196Bi
196Ir,1157.67,196Ir
196Os,1733.25,196Os
196Pb,152.1,196Pb
196Po,6064.070786490696,196Po
196Rn,14645.452738142782,196Rn
196Tl,151.04,196Tl
197At,6480.498556800464,197At
197Bi,42.7300046,197Bi
197Ir,913.45,197Ir
197Pb,42.73,197Pb
197Po,1239.930402576,197Po
197Pt,195.12,197Pt
197Rn,14206.305397421576,197Rn
197Tl,4.78,197Tl
198At,6694.672136421747,198At
198Au,312.5,198Au
198Bi,6.13,198Bi
198Ir,0.0,198Ir
198Pb,6.13,198Pb
198Po,2347.194237597487,198Po
198Tl,6.13,198Tl
199At,5396.26786947,199At
199Au,82.33,199Au
199Bi,20.5224,199Bi
199Fr,0.0,199Fr
199Pb,20.5224,199Pb
199Po,73.227645,199Po
199Pt,627.49,199Pt
199Rn,12870.260247951248,199Rn
199Tl,0.0624,199Tl
19B,15907.13,19B
19C,5191.53,19C
19N,5191.53,19N
19Ne,962.14,19Ne
19O,1785.28,19O
200At,2686.887147569564,200At
200Au,726.48,200Au
200Bi,126.78,200Bi
200Fr,14179.428187052656,200Fr
200Po,201.81489,200Po
200Pt,949.81,200Pt
200Rn,11409.027477041738,200Rn
200Tl,2.09,200Tl
201At,2748.104574393,201At
201Au,0.0,201Au
201Bi,19.589,201Bi
201Fr,13841.498556800463,201Fr
201Pb,0.179,201Pb
201Po,210.69817630000003,201Po
201Pt,886.67,201Pt
202At,905.1622571856,202At
202Au,1086.19,202Au
202Bi,78.7639,202Bi
202Fr,13932.672136421748,202Fr
202Ir,2538.82,202Ir
202Pb,0.2539,202Pb
202Po,79.42929712,202Po
202Pt,1413.52,202Pt
202Ra,0.0,202Ra
202Rn,6069.801201906872,202Rn
202Tl,0.0,202Tl
203At,562.3601571816,203At
203Au,835.35,203Au
203Bi,1.59,203Bi
203Fr,12170.71786947,203Fr
203Hg,57.87,203Hg
203Po,67.41494664000001,203Po
203Ra,20459.26024795125,203Ra
203Rn,3058.3728991417443,203Rn
204At,332.4499313680994,204At
204Au,850.23,204Au
204Bi,1.31,204Bi
204Fr,7021.179731077407,204Fr
204Po,1.541677977,204Po
204Pt,1623.56,204Pt
204Ra,18895.027477041735,204Ra
204Rn,271.5144414175954,204Rn
204Tl,230.001936,204Tl
205At,163.91525484000002,205At
205Au,1631.81,205Au
205Bi,1.1,205Bi
205Fr,9526.470266179893,205Fr
205Hg,537.02,205Hg
205Po,17.9437276,205Po
205Ra,7340.0,205Ra
205Rn,554.1506935191601,205Rn
206Ac,21722.67213642175,206Ac
206At,299.03929676696004,206At
206Au,1963.25,206Au
206Bi,0.00422,206Bi
206Fr,5552.771496035904,206Fr
206Hg,938.72,206Hg
206Po,15.53343256,206Po
206Ra,13338.801201906874,206Ra
206Rn,2607.919296985845,206Rn
206Tl,538.37,206Tl
207Ac,19863.71786947,207Ac
207At,56.81302453536,207At
207Bi,0.146,207Bi
207Fr,6664.589810731386,207Fr
207Hg,491.59,207Hg
207Po,2.52569424,207Po
207Ra,6629.573266764293,207Ra
207Rn,462.6032281773344,207Rn
207Tl,491.59,207Tl
208Ac,14372.285133766632,208Ac
208At,5113.852307233999,208At
208Bi,0.0,208Bi
208Fr,6036.335201798021,208Fr
208Hg,1776.14,208Hg
208Po,5114.495411999999,208Po
208Ra,6997.287979436617,208Ra
208Rn,4304.35511709466,208Rn
208Tl,559.47,208Tl
209Ac,17103.47026617989,209Ac
209At,4660.553266325601,209At
209Bi,3075.69,209Bi
209Fr,5862.129645729247,209Fr
209Hg,3921.08,209Hg
209Pb,3273.19,209Pb
209Po,4849.6395384,209Po
209Ra,7554.01069351916,209Ra
209Rn,4108.622444742248,209Rn
209Th,15420.0,209Th
209Tl,3921.08,209Tl
20C,11820.759999999998,20C
20F,2481.37,20F
20N,9157.259999999998,20N
20O,3678.78,20O
210Ac,13014.771496035904,210Ac
210At,5295.424458135,210At
210Bi,5693.380710656545,210Bi
210Fr,5284.984087493376,210Fr
210Pb,5699.460728492224,210Pb
210Po,5304.38,210Po
210Ra,9450.198688606146,210Ra
210Rn,5794.076273582999,210Rn
210Th,21237.801201906877,210Th
210Tl,6915.550728492224,210Tl
211Ac,14154.926611554543,211Ac
211At,1025.720168,211At
211Bi,7041.7112824,211Bi
211Fr,4594.994419628289,211Fr
211Pb,7487.9612824,211Pb
211Po,7442.49,211Po
211Ra,6668.400411578901,211Ra
211Rn,435.15466022176,211Rn
211Tl,7900.621282399999,211Tl
212Ac,13040.69802026177,212Ac
212At,7650.13,212At
212Bi,6926.877182000001,212Bi
212Fr,9903.18147695062,212Fr
212Pa,22642.285133766632,212Pa
212Pb,7027.097182000001,212Pb
212Po,8784.86,212Po
212Ra,10128.621571073054,212Ra
212Rn,11378.155412,212Rn
212Th,6997.287979436617,212Th
212Tl,7479.8971820000015,212Tl
213Ac,13222.129645729246,213Ac
213At,12154.69,213At
213Bi,501.486364,213Bi
213Fr,11405.792349449215,213Fr
213Pa,25339.47026617989,213Pa
213Ra,9729.489031401225,213Ra
213Rn,12922.0895384,213Rn
213Th,15244.01069351916,213Th
213Tl,483.81,213Tl
214Ac,42542.5554378691,214Ac
214At,14508.190710656543,214At
214Bi,14024.717731392224,214Bi
214Fr,13715.274458135002,214Fr
214Pa,13014.771496035904,214Pa
214Pb,14249.387731392224,214Pb
214Po,13386.190728492224,214Po
214Ra,12918.230018381584,214Ra
214Rn,5304.38,214Rn
214Th,9450.198688606146,214Th
214Tl,14769.067731392224,214Tl
215Ac,12183.201879844824,215Ac
215At,15067.5012824,215At
215Bi,15518.81226496,215Bi
215Fr,10385.720168,215Fr
215Pa,22242.926611554547,215Pa
215Pb,16129.58226496,215Pb
215Po,14878.63226496,215Po
215Ra,9105.37466022176,215Ra
215Th,14105.7404115789,215Th
216Ac,18959.98147695062,216Ac
216At,14741.967182,216At
216Bi,13805.377182,216Bi
216Fr,16265.86,216Fr
216Pa,19963.489859856538,216Pa
216Po,13805.377182,216Po
216Ra,11378.155412,216Ra
216Th,18049.16756922075,216Th
216U,15369.287979436616,216U
217Ac,21055.792349449213,217Ac
217At,7565.028682854519,217At
217Bi,6277.893934142725,217Bi
217Pa,21552.579645729245,217Pa
217Po,6277.893934142725,217Po
217Rn,7741.0,217Rn
217Th,18953.099031401223,217Th
217U,23262.01069351916,217U
218At,20711.11973789077,218At
218Bi,21597.787183793527,218Bi
218Fr,22351.270710656543,218Fr
218Po,20250.63718379352,218Po
218Rn,20514.420728492223,218Rn
218Th,22584.230018381582,218Th
218U,9450.198688606146,218U
219At,21546.45130496,219At
219Bi,1200.0,219Bi
219Fr,22374.5512824,219Fr
219Pa,22083.20187984482,219Pa
219Ra,7800.18,219Ra
219Rn,21632.43226496,219Rn
21F,2354.19,21F
21Mg,9589.78,21Mg
21N,6623.96,21N
21Na,1100.82,21Na
21O,4737.87,21O
220Ac,24078.67,220Ac
220At,20689.702782,220At
220Fr,21244.536131863,220Fr
220Ra,7448.48,220Ra
220Rn,20092.837182,220Rn
221Ac,7677.9,221Ac
221Fr,13931.48778285452,221Fr
221Ra,14439.1,221Ra
221Rn,12839.151736137926,221Rn
221Th,8243.78,221Th
222Ac,29264.8215108349,222Ac
222Fr,27691.88072849223,222Fr
222Pa,4227.89,222Pa
222Ra,27061.16072849222,222Ra
222Rn,25739.63718379353,222Rn
222Th,15942.47,222Th
223Ac,28685.340369576,223Ac
223Fr,27642.896529502403,223Fr
223Pa,8102.85,223Pa
223Ra,27297.702264960004,223Ra
223Rn,28127.956529502404,223Rn
223Th,15117.25,223Th
224Ac,1983.547577999533,224Ac
224Fr,26682.067182,224Fr
224Pa,31761.98,224Pa
224Ra,25765.987182,224Ra
224Rn,26898.737182,224Rn
224Th,14544.03,224Th
224U,8465.94,224U
225Ac,19707.30778285452,225Ac
225Fr,19807.30596230592,225Fr
225Pa,14907.9,225Pa
225Ra,19807.30596230592,225Ra
225Rn,20537.96596230592,225Rn
225Th,18285.273,225Th
225U,16098.990000000002,225U
226Ac,27912.40413693226,226Ac
226Fr,31704.03718379353,226Fr
226Np,12257.89,226Np
226Pa,34041.815107425806,226Pa
226Ra,30513.01718379353,226Ra
226Rn,32184.367183793533,226Rn
226Th,33367.400728492226,226Th
226U,23481.62,226U
227Ac,33132.79469981069,227Ac
227Fr,34243.964699810684,227Fr
227Np,8102.85,227Np
227Pa,28974.7238141396,227Pa
227Ra,33538.124699810694,227Ra
227Rn,34243.96469981069,227Rn
227Th,33198.83226496,227Th
227U,22004.35,227U
228Ac,31520.097182,228Ac
228Fr,32931.077182,228Fr
228Np,12704.792,228Np
228Pa,30631.752639775998,228Pa
228Pu,8465.94,228Pu
228Ra,31527.337182,228Ra
228Rn,33555.747182,228Rn
228Th,31169.467182,228Th
228U,19990.7455,228U
229Ac,25086.78596230592,229Ac
229Fr,47114.85192461183,229Fr
229Np,13324.6952,229Np
229Pa,94.72198935770167,229Pa
229Ra,46238.17192461183,229Ra
229Th,24726.835962305915,229Th
229U,3910.6786,229U
22Al,6342.889999999999,22Al
22C,10534.52,22C
22F,2134.93,22F
22Mg,1564.27,22Mg
22N,10534.52,22N
22Na,195.15,22Na
22O,4019.56,22O
22Si,12325.59,22Si
230Ac,36056.28718379352,230Ac
230Fr,37873.007183793525,230Fr
230Np,39078.96265986022,230Np
230Pa,35495.424222620415,230Pa
230Pu,30527.6,230Pu
230Ra,36228.907183793526,230Ra
230Th,35177.14718379353,230Th
230U,39234.75072849222,230U
231Ac,38635.274699824105,231Ac
231Fr,39908.524699824105,231Fr
231Np,579.4944762827921,231Np
231Pa,38080.14469981069,231Pa
231Pu,2721.980028654513,231Pu
231Ra,38635.274699824105,231Ra
231Th,38158.03469982411,231Th
231U,1.3279621305984002,231U
232Ac,36500.387182,232Ac
232Fr,38955.39718199999,232Fr
232Np,36471.72144550528,232Np
232Pa,36564.947182,232Pa
232Pu,2150.43455,232Pu
232Ra,36859.767182,232Ra
232Th,35524.127182,232Th
232U,36471.457182,232U
233Ac,30920.085962305915,233Ac
233Am,613.2465541322391,233Am
233Cm,490.5972433057912,233Cm
233Fr,253.06,233Fr
233Np,0.0006630539255039,233Np
233Pa,29599.155962305915,233Pa
233Pu,4.6934765782607935,233Pu
233Th,30003.835962305915,233Th
233U,29532.685962305917,233U
234Ac,41598.41718379352,234Ac
234Np,39936.76018379352,234Np
234Pa,40148.94718379353,234Pa
234Pu,2376.440443709533,234Pu
234Th,40196.75718379352,234Th
234U,39936.57718379352,234U
235Am,2.317977905131168,235Am
235Np,0.9900871161950778,235Np
235Pa,43097.9546998241,235Pa
235Pu,0.9901001046954812,235Pu
235Th,43684.2746998241,235Th
235U,42621.97469982411,235U
236Np,5760.7739350612,236Np
236Pa,40724.167182,236Pa
236Pu,42231.907182,236Pu
236Th,41061.35718200001,236Th
236U,39998.457182,236U
237Am,1.2404545334392252,237Am
237Np,34388.05596230592,237Np
237Pa,35020.66596230592,237Pa
237Pu,1.2403869644168484,237Pu
237U,34455.91596230592,237U
238Am,45423.71412055667,238Am
238Bk,100.84417703844606,238Bk
238Cm,100.84417703844606,238Cm
238Np,45633.94718379353,238Np
238Pa,45781.08718379352,238Pa
238Pu,45422.95718379352,238Pu
238Th,46347.75718379352,238Th
238U,44383.88718379352,238U
239Am,0.0001565087116195,239Am
239Cm,9.901001046954812e-06,239Cm
239Np,47918.404699824096,239Np
239Pa,49233.0946998241,239Pa
239Pu,47772.89469982409,239Pu
239U,48313.0946998241,239U
23Al,6057.490000000001,23Al
23F,4868.66,23F
23Mg,1335.39,23Mg
23Ne,1900.34,23Ne
23O,8631.99,23O
23Si,12318.9,23Si
240Am,0.0109454896666162,240Am
240Cf,6459.1702,240Cf
240Cm,48252.75104609,240Cm
240Es,5917.04106,240Es
240Np,45506.957182,240Np
240Pu,45153.677182,240Pu
240U,45613.387182,240U
241Am,39878.08596230592,241Am
241Cf,0.0,241Cf
241Cm,0.6053038696441685,241Cm
241Np,40301.14936005024,241Np
241Pu,39883.369360050245,241Pu
242Am,42744.29486099726,242Am
242Bk,51526.82718379351,242Bk
242Cf,16294.200778389464,242Cf
242Cm,51526.82718379353,242Cm
242Es,0.0,242Es
242Np,50161.09718379352,242Np
242Pu,49272.437183793525,242Pu
242U,50546.59718379352,242U
243Am,53189.6946998241,243Am
243Bk,53368.23570510409,243Bk
243Cf,46035.68450777565,243Cf
243Cm,53448.39355019461,243Cm
243Es,20900.107158032508,243Es
243Fm,2090.010715803251,243Fm
243Np,53350.254699824094,243Np
243Pu,53350.254699824094,243Pu
244Am,51059.677182,244Am
244Bk,2.459672937999698e-05,244Bk
244Cf,53292.93104609,244Cf
244Cm,50950.077182,244Cm
244Es,0.0,244Es
244Np,51104.97531816615,244Np
244Pu,50126.77531816615,244Pu
245Am,45530.30936005025,245Am
245Bk,47.86252315476709,245Bk
245Cf,889.0147222659843,245Cf
245Cm,45269.769360050246,245Cm
245Es,1236.192,245Es
245Fm,0.0,245Fm
245Pu,45773.05936005024,245Pu
246Am,49650.55244146996,246Am
246Bk,49259.55244146996,246Bk
246Cf,58272.42718379351,246Cf
246Cm,49259.55244146996,246Cm
246Es,57640.72897379351,246Es
246Fm,22241.416485458976,246Fm
246Md,0.0,246Md
246Pu,49701.212441469965,246Pu
247Am,58737.87469982409,247Am
247Bk,58755.1946998241,247Bk
247Cf,18.70770774256812,247Cf
247Cm,58298.974699824095,247Cm
247Fm,32667.54848497642,247Fm
247Md,29278.119730874478,247Md
248Cf,57197.63840238172,248Cf
248Cm,50176.487495972,248Cm
248Es,0.0430250614918234,248Es
248Fm,57723.7394937855,248Fm
248Md,333.20000000000005,248Md
249Bk,51121.808283264,249Bk
249Cf,51089.48936005025,249Cf
249Cm,51393.08828326399,249Cm
249Es,50798.77740669893,249Es
249Fm,34328.55572083608,249Fm
249Md,17362.49748833443,249Md
24Al,2026.05,24Al
24F,5861.37,24F
24Na,554.56,24Na
24Ne,1358.04,24Ne
24O,10468.14,24O
24Si,2026.05,24Si
250Bk,49484.58258609004,250Bk
250Cf,49221.62258609004,250Cf
250Cm,9220.916239464592,250Cm
250Es,1477.7865732440987,250Es
250Fm,58462.16146541418,250Fm
250Md,4072.927528165547,250Md
251Bk,64374.34469982409,251Bk
251Cf,64085.34469982409,251Cf
251Cm,64794.94469982409,251Cm
251Es,293.9380734991205,251Es
251Fm,291.2088765155026,251Fm
251Md,337.5879888639523,251Md
251No,36329.16422132854,251No
252Cf,54321.48148404694,252Cf
252Es,4017.4212,252Es
252Fm,64226.98114783847,252Fm
252Lr,28584.74887766516,252Lr
252No,41414.44812944193,252No
253Cf,57761.043856264,253Cf
253Es,57708.78828326399,253Es
253Fm,6229.208323206029,253Fm
253Lr,21039.08692098608,253Lr
253Md,6541.195306790479,253Md
253No,25867.123034515556,253No
254Cf,28.640826342340244,254Cf
254Es,55884.98067117996,254Es
254Fm,56370.741339599066,254Fm
254Lr,22410.421852935688,254Lr
254Md,56370.74133959906,254Md
254No,52615.94531887275,254No
255Cf,70782.0574998241,255Cf
255Es,70673.05749982409,255Es
255Fm,71139.56469982408,255Fm
255Lr,8443.690694897361,255Lr
255Md,61.637665144938445,255Md
255No,848.6520285561076,255No
255Rf,16880.38987990696,255Rf
256Db,24049.766214365605,256Db
256Es,4445.378130207802,256Es
256Fm,4445.378130207803,256Fm
256Lr,6102.116,256Lr
256Md,431.20503040000006,256Md
256No,72241.86915475494,256No
256Rf,132.5262340142142,256Rf
257Db,19776.741705726912,257Db
257Fm,64181.91819016585,257Fm
257Lr,15400.39530679048,257Lr
257Md,8815.5057424896,257Md
257No,11365.994574725124,257No
257Rf,20512.628566370837,257Rf
258Db,21668.460630504174,258Db
258Lr,63082.68918476949,258Lr
258Md,62633.07067117996,258Md
258Rf,2578.181320624765,258Rf
259Lr,2615.221178813052,259Lr
259No,57576.236024868085,259No
259Rf,8237.543866271619,259Rf
259Sg,19586.75389191626,259Sg
25Al,1452.54,25Al
25F,9868.990000000002,25F
25Na,1505.98,25Na
25Ne,4704.530000000001,25Ne
25Si,5818.97,25Si
260Bh,34209.766214365605,260Bh
260Db,13302.410624,260Db
260Lr,5487.364024320001,260Lr
260Sg,1479.273117007107,260Sg
261Bh,28049.749120440563,261Bh
261Db,18119.175351568192,261Db
261Rf,18817.99457472513,261Rf
261Sg,20512.628566370837,261Sg
262Bh,21668.460630504174,262Bh
262Db,45007.36335379556,262Db
263Db,2669.3846068896123,263Db
263Sg,7672.870706390135,263Sg
264Bh,13302.410624,264Bh
264Hs,739.6365585035537,264Hs
265Hs,29783.528566370835,265Hs
265Sg,11526.99728736256,265Sg
266Bh,45007.36335379556,266Bh
266Hs,0.0,266Hs
266Mt,16251.345472878134,266Mt
266Sg,0.0,266Sg
267Hs,6138.296565112107,267Hs
268Mt,13302.410624,268Mt
269Hs,20689.18728736256,269Hs
269Sg,0.0,269Sg
26Al,444.03,26Al
26F,20746.62,26F
26Na,3356.1,26Na
26Ne,6704.219999999999,26Ne
26P,7889.4,26P
26Si,2065.54,26Si
270Ds,0.0,270Ds
270Hs,0.0,270Hs
270Mt,45007.36335379556,270Mt
271Ds,16860.056565112107,271Ds
271Sg,0.0,271Sg
272Bh,9035.0,272Bh
272Rg,13302.410624,272Rg
273Ds,20689.187287362565,273Ds
273Hs,0.0,273Hs
274Bh,0.0,274Bh
274Mt,0.0,274Mt
274Rg,45007.36335379556,274Rg
275Hs,0.0,275Hs
276Mt,18654.61,276Mt
277Cn,20689.187287362565,277Cn
277Ds,0.0,277Ds
278Mt,0.0,278Mt
278Nh,45007.36335379556,278Nh
278Rg,0.0,278Rg
279Ds,0.0,279Ds
279Rg,0.0,279Rg
27F,18265.35,27F
27Mg,702.03,27Mg
27Na,4399.47,27Na
27Ne,11786.240000000002,27Ne
27P,859.06,27P
27S,859.06,27S
27Si,859.06,27Si
280Rg,28383.61,280Rg
281Cn,0.0,281Cn
281Ds,0.0,281Ds
282Nh,0.0,282Nh
282Rg,0.0,282Rg
283Cn,0.0,283Cn
284Nh,28383.61,284Nh
285Cn,0.0,285Cn
285Nh,0.0,285Nh
286Fl,0.0,286Fl
286Nh,0.0,286Nh
287Fl,0.0,287Fl
288Fl,0.0,288Fl
288Mc,38683.61,288Mc
289Fl,0.0,289Fl
289Mc,0.0,289Mc
28Al,1241.68,28Al
28Mg,1393.71,28Mg
28Na,7422.59,28Na
28Ne,12797.33,28Ne
28P,4593.15,28P
28S,6559.73,28S
290Lv,0.0,290Lv
290Mc,0.0,290Mc
292Lv,0.0,292Lv
293Lv,0.0,293Lv
293Ts,0.0,293Ts
294Og,0.0,294Og
294Ts,0.0,294Ts
29Al,976.73,29Al
29F,22328.14,29F
29Mg,3610.41,29Mg
29Na,7716.96,29Na
29Ne,14884.72,29Ne
29P,1770.12,29P
29S,5819.56,29S
30Al,2305.32,30Al
30Mg,4427.09,30Mg
30Na,8638.470000000001,30Na
30Ne,14402.41,30Ne
30P,1438.5,30P
30S,3519.13,30S
31Al,3260.31,31Al
31Cl,5706.88,31Cl
31Mg,7383.219999999999,31Mg
31Na,11681.6,31Na
31Ne,18545.4,31Ne
31S,1996.96,31S
31Si,595.64,31Si
32Al,6656.5,32Al
32Ar,11119.23,32Ar
32Cl,7562.44,32Cl
32Mg,10502.2,32Mg
32Na,15388.89,32Na
32Ne,21452.22,32Ne
32P,695.03,32P
32Si,764.5799999999999,32Si
33Al,7780.1,33Al
33Ar,5889.04,33Ar
33Cl,2082.11,33Cl
33Mg,13019.61,33Mg
33Na,15919.23,33Na
33P,76.43,33P
33Si,2708.02,33Si
34Al,7398.42,34Al
34Ar,4339.85,34Ar
34Cl,2050.55,34Cl
34Mg,11268.42,34Mg
34Na,18844.42,34Na
34P,2303.62,34P
34Si,2990.16,34Si
35Al,8004.92,35Al
35Ar,2269.34,35Ar
35Ca,5863.16,35Ca
35K,5863.16,35K
35Mg,13292.92,35Mg
35Na,20822.92,35Na
35P,1070.95,35P
35S,48.76,35S
35Si,2492.79,35Si
36Al,10904.85,36Al
36Ca,6816.66,36Ca
36Cl,241.87549357,36Cl
36K,3494.13,36K
36Mg,15714.85,36Mg
36P,1872.46,36P
36Si,4781.52,36Si
37Al,9806.21,37Al
37Ca,5596.81,37Ca
37K,2342.84,37K
37P,3433.52,37P
37S,799.85,37S
37Si,7576.85,37Si
38Ca,3643.03,38Ca
38Cl,1526.02,38Cl
38K,1205.65,38K
38P,3938.64,38P
38S,1981.84,38S
38Si,7008.31,38Si
39Al,18598.33,39Al
39Ar,218.8,39Ar
39Ca,2556.28,39Ca
39Cl,1045.16,39Cl
39P,6698.21,39P
39S,3234.88,39S
39Si,11762.35,39Si
39Ti,329.23,39Ti
3H,5.69,3H
40Cl,1515.71,40Cl
40K,446.4894911840001,40K
40P,6830.39,40P
40S,2766.8900000000003,40S
40Sc,3376.48,40Sc
40Si,11343.72,40Si
40Ti,6937.360000000001,40Ti
41Ar,464.05,41Ar
41Cl,2023.75,41Cl
41P,9467.09,41P
41S,4790.42,41S
41Sc,2541.42,41Sc
41Si,15358.86,41Si
41Ti,5890.02,41Ti
42Ar,1663.46,42Ar
42Cl,3311.15,42Cl
42Cr,0.0,42Cr
42K,1430.46,42K
42P,11939.01,42P
42S,5722.34,42S
42Sc,2507.83,42Sc
42Si,18145.55,42Si
42Ti,5251.389999999999,42Ti
43Ar,1666.5,43Ar
43Cl,3635.2,43Cl
43Cr,0.0,43Cr
43K,317.21,43K
43P,7678.53,43P
43S,7678.53,43S
43Sc,419.49,43Sc
43Ti,3056.0,43Ti
44Ar,2054.7,44Ar
44Cl,6078.03,44Cl
44Cr,4215.33,44Cr
44K,1447.9,44K
44S,9914.7,44S
44Sc,595.79,44Sc
44V,4215.33,44V
45Ar,2931.12,45Ar
45Ca,76.86,45Ca
45Cl,7418.32,45Cl
45Fe,0.0,45Fe
45K,1059.96,45K
45S,11209.42,45S
45Ti,372.24,45Ti
45V,3222.54,45V
46Ar,4050.35,46Ar
46Cl,11251.18,46Cl
46Cr,5903.33,46Cr
46Fe,7450.99,46Fe
46K,2320.77,46K
46Mn,6782.99,46Mn
46S,15641.41,46S
46Sc,111.82,46Sc
46V,2814.33,46V
47Ar,5918.93,47Ar
47Ca,560.66,47Ca
47Cl,9555.009999999998,47Cl
47Cr,3811.65,47Cr
47Fe,3811.65,47Fe
47K,2370.19,47K
47Mn,3811.65,47Mn
47Sc,161.97,47Sc
47V,803.03,47V
48Ar,5437.8524,48Ar
48Ca,69.1724,48Ca
48Cr,291.42,48Cr
48Fe,3525.42,48Fe
48K,2727.0524,48K
48Mn,3406.15,48Mn
48Sc,220.42,48Sc
48V,289.87,48V
49Ar,7626.110000000001,49Ar
49Ca,1687.28,49Ca
49Cr,969.1,49Cr
49Fe,6049.93,49Fe
49K,4158.09,49K
49Mn,4074.01,49Mn
49Sc,823.65,49Sc
4H,2886.08,4H
50Ar,12276.28,50Ar
50Ca,2956.15,50Ca
50Co,8807.09,50Co
50Fe,6336.23,50Fe
50K,8142.950000000001,50K
50Mn,3099.76,50Mn
50Ni,8807.09,50Ni
50Sc,1619.75,50Sc
50V,0.0037029999999999,50V
51Ca,4892.9400000000005,51Ca
51Fe,4204.01,51Fe
51K,9115.92,51K
51Mn,934.81,51Mn
51Ni,0.0,51Ni
51Sc,2709.62,51Sc
51Ti,867.74,51Ti
52Ca,7578.7,52Ca
52Co,259.7,52Co
52Fe,259.7,52Fe
52K,12431.18,52K
52Mn,71.03,52Mn
52Ni,259.7,52Ni
52Sc,4709.25,52Sc
52Ti,1810.37,52Ti
52V,1068.37,52V
53Ca,1713.6,53Ca
53Co,4495.75,53Co
53Fe,1098.32,53Fe
53K,2826.6,53K
53Ni,4495.75,53Ni
53Ti,2422.61,53Ti
53V,1009.04,53V
54Ca,12357.38,54Ca
54Co,3399.73,54Co
54K,17680.21,54K
54Mn,2.0739e-10,54Mn
54Ni,6967.88,54Ni
54Sc,8299.2,54Sc
54Ti,4764.1,54Ti
54V,1539.4,54V
55Ca,15426.009999999998,55Ca
55Co,430.39,55Co
55Cr,1100.99,55Cr
55Ni,4051.07,55Ni
55Sc,10585.31,55Sc
55Ti,6555.31,55Ti
55V,3483.42,55V
56Ca,17640.96,56Ca
56Co,121.04,56Co
56Cr,1422.4299999999998,56Cr
56Mn,832.43,56Mn
56Ni,121.040652,56Ni
56Sc,12581.8,56Sc
56Ti,8025.13,56Ti
56V,5645.129999999999,56V
57Cr,3041.84,57Cr
57Cu,3906.8,57Cu
57Mn,1092.91,57Mn
57Ni,306.74,57Ni
57Sc,15495.45,57Sc
57Ti,11208.78,57Ti
57V,6600.73,57V
57Zn,6627.3,57Zn
58Co,29.97,58Co
58Cr,4776.32,58Cr
58Cu,3291.08,58Cu
58Mn,2812.07,58Mn
58Sc,15243.22,58Sc
58Ti,9829.89,58Ti
58V,6683.219999999999,58V
58Zn,7122.28,58Zn
59Cr,4635.01,59Cr
59Cu,1487.57000914,59Cu
59Fe,117.49,59Fe
59Mn,2155.01,59Mn
59Ni,9.14e-06,59Ni
59Ti,12231.63,59Ti
59V,8051.68,59V
59Zn,5315.07000914,59Zn
60Co,96.41,60Co
60Cr,6925.82,60Cr
60Cu,901.29,60Cu
60Fe,146.61,60Fe
60Ga,6625.66,60Ga
60Mn,3993.71,60Mn
60Ti,14982.49,60Ti
60V,11345.82,60V
60Zn,2025.95,60Zn
61Co,459.71,61Co
61Cr,7913.6,61Cr
61Cu,306.69,61Cu
61Fe,1600.47,61Fe
61Ga,6030.01,61Ga
61Ge,8378.51,61Ge
61Mn,4098.82,61Mn
61Ti,18500.02,61Ti
61V,13445.22,61V
61Zn,2167.67,61Zn
62Co,1611.74,62Co
62Cr,9929.67,62Cr
62Cu,1290.4,62Cu
62Fe,2437.74,62Fe
62Ga,5167.49,62Ga
62Mn,6368.01,62Mn
62V,15185.34,62V
62Zn,1311.35,62Zn
63Co,1546.21,63Co
63Cr,11152.22,63Cr
63Fe,4482.22,63Fe
63Ga,2809.62,63Ga
63Mn,7545.55,63Mn
63Ni,17.43,63Ni
63V,15858.89,63V
63Zn,919.78,63Zn
64Co,3288.65,64Co
64Cr,13616.48,64Cr
64Cu,58.37325,64Cu
64Fe,5526.15,64Fe
64Ga,1700.77,64Ga
64Ge,2822.74,64Ge
64Mn,9238.9,64Mn
64V,19379.81,64V
65Co,3549.78,65Co
65Cr,14301.81,65Cr
65Fe,6591.48,65Fe
65Ga,801.34,65Ga
65Ge,2914.54,65Ge
65Mn,10008.48,65Mn
65Ni,627.89,65Ni
65V,19475.24,65V
65Zn,2.02,65Zn
66As,1073.22,66As
66Co,4360.030000000001,66Co
66Cr,15229.03,66Cr
66Cu,1066.63,66Cu
66Fe,6627.030000000001,66Fe
66Ga,992.45,66Ga
66Ge,1073.22,66Ge
66Mn,11366.03,66Mn
66Ni,1140.0300000000002,66Ni
67As,3200.82,67As
67Co,4690.79,67Co
67Cu,141.21,67Cu
67Fe,8398.79,67Fe
67Ge,1132.55,67Ge
67Mn,12929.79,67Mn
67Ni,1680.79,67Ni
67Se,3200.82,67Se
68As,1998.38,68As
68Co,5877.969999999999,68Co
68Cr,18069.97,68Cr
68Cu,1417.96,68Cu
68Fe,8606.970000000001,68Fe
68Ga,737.55,68Ga
68Mn,13678.97,68Mn
68Ni,2081.66,68Ni
68Se,3505.0600000000004,68Se
69As,1334.17,69As
69Co,6144.35,69Co
69Cu,1210.73,69Cu
69Fe,10190.35,69Fe
69Ge,116.27,69Ge
69Kr,2496.56,69Kr
69Mn,15174.35,69Mn
69Ni,2583.35,69Ni
69Se,3460.2200000000003,69Se
69Zn,321.6,69Zn
6He,1567.6,6He
70As,887.74,70As
70Br,1139.09,70Br
70Co,6912.139999999999,70Co
70Cu,1329.05,70Cu
70Fe,10232.14,70Fe
70Ga,639.417595,70Ga
70Kr,3385.42,70Kr
70Mn,15677.14,70Mn
70Ni,2758.14,70Ni
70Se,1139.09,70Se
71As,98.99,71As
71Br,2847.08,71Br
71Co,8826.26,71Co
71Cu,1902.26,71Cu
71Fe,13227.26,71Fe
71Kr,7083.27,71Kr
71Ni,4724.26,71Ni
71Se,1466.48,71Se
71Zn,1043.31,71Zn
72As,1025.76,72As
72Br,2675.97,72Br
72Co,9749.47,72Co
72Cu,3041.68,72Cu
72Fe,13810.47,72Fe
72Ga,471.15,72Ga
72Kr,4360.91,72Kr
72Ni,5141.469999999999,72Ni
72Zn,551.68,72Zn
73Br,1664.38,73Br
73Co,12169.91,73Co
73Cu,4170.91,73Cu
73Fe,17072.91,73Fe
73Ga,443.29,73Ga
73Kr,4288.54,73Kr
73Ni,7451.91,73Ni
73Se,359.63,73Se
73Sr,0.0,73Sr
73Zn,2185.91,73Zn
74As,130.4368,74As
74Br,1052.57,74Br
74Co,12859.68,74Co
74Cu,5009.68,74Cu
74Ga,989.9,74Ga
74Kr,1657.56,74Kr
74Ni,7692.68,74Ni
74Rb,6109.950000000001,74Rb
74Zn,2498.68,74Zn
75Br,546.16,75Br
75Co,14088.01,75Co
75Cu,5002.01,75Cu
75Ga,420.59,75Ga
75Ge,420.59,75Ge
75Kr,2026.68,75Kr
75Ni,8829.01,75Ni
75Rb,3341.86,75Rb
75Sr,7748.88,75Sr
75Zn,2314.01,75Zn
76As,1064.64,76As
76Br,645.88,76Br
76Co,15748.82,76Co
76Cu,6503.82,76Cu
76Ga,1800.82,76Ga
76Kr,645.88,76Kr
76Ni,9882.82,76Ni
76Rb,3000.65,76Rb
76Sr,4085.95,76Sr
76Zn,3390.82,76Zn
77As,225.47,77As
77Br,1.11,77Br
77Co,16785.670000000002,77Co
77Cu,6657.67,77Cu
77Ga,856.02,77Ga
77Ge,856.02,77Ge
77Kr,664.96,77Kr
77Ni,11138.67,77Ni
77Rb,2335.26,77Rb
77Sr,4993.65,77Sr
77Y,4993.65,77Y
77Zn,3391.3,77Zn
78As,1257.37,78As
78Br,1023.357654395,78Br
78Cu,10142.830000000002,78Cu
78Ga,4062.83,78Ga
78Ge,1484.5099999999998,78Ge
78Ni,14071.829999999998,78Ni
78Rb,1178.33,78Rb
78Sr,1178.33,78Sr
78Y,1178.33,78Y
78Zn,6312.83,78Zn
79As,894.8,79As
79Cu,11758.0,79Cu
79Ga,5033.0,79Ga
79Ge,2586.84,79Ge
79Kr,18.25,79Kr
79Ni,15764.33,79Ni
79Rb,789.69,79Rb
79Se,55.8,79Se
79Sr,2673.19,79Sr
79Y,3968.85,79Y
79Zn,8049.0,79Zn
80As,2147.7,80As
80Br,658.57395,80Br
80Cu,13236.97,80Cu
80Ga,6319.969999999999,80Ga
80Ge,3197.97,80Ge
80Ni,18541.97,80Ni
80Rb,2038.0,80Rb
80Sr,2073.78,80Sr
80Y,4178.280000000001,80Y
80Zn,8909.970000000001,80Zn
80Zr,4178.280000000001,80Zr
81As,2185.62,81As
81Cu,14079.44,81Cu
81Ga,6217.51,81Ga
81Ge,3858.78,81Ge
81Rb,117.56,81Rb
81Se,610.71,81Se
81Sr,1461.81,81Sr
81Y,3529.84,81Y
81Zn,10249.51,81Zn
81Zr,3529.84,81Zr
82As,2663.86,82As
82Br,145.34,82Br
82Cu,16829.36,82Cu
82Ga,7908.64,82Ga
82Ge,4112.72,82Ge
82Nb,8175.54,82Nb
82Rb,1411.96,82Rb
82Y,3165.58,82Y
82Zn,12140.36,82Zn
82Zr,3165.58,82Zr
83As,773.76,83As
83Br,327.45,83Br
83Ga,7343.76,83Ga
83Ge,3462.76,83Ge
83Nb,3850.09,83Nb
83Se,773.76,83Se
83Sr,139.38,83Sr
83Y,1562.2800000000002,83Y
83Zn,7343.76,83Zn
83Zr,3850.09,83Zr
84As,4969.43,84As
84Br,1229.06,84Br
84Ga,11743.43,84Ga
84Ge,7515.43,84Ge
84Mo,4843.23,84Mo
84Nb,4843.23,84Nb
84Rb,137.27691,84Rb
84Se,1769.4299999999998,84Se
84Y,975.71,84Y
84Zr,975.71,84Zr
85As,6011.42,85As
85Br,1308.47,85Br
85Ga,13549.42,85Ga
85Ge,9040.42,85Ge
85Kr,250.68,85Kr
85Mo,1758.82,85Mo
85Nb,1758.82,85Nb
85Se,3175.42,85Se
85Y,481.99,85Y
85Zr,1758.82,85Zr
86As,6631.3,86As
86Br,1687.0,86Br
86Ga,14640.3,86Ga
86Ge,9993.3,86Ge
86Mo,212.31,86Mo
86Nb,212.31,86Nb
86Rb,668.8652172,86Rb
86Se,3314.3,86Se
86Tc,5842.330000000001,86Tc
86Y,212.31,86Y
86Zr,212.31,86Zr
87As,8101.57,87As
87Br,2582.57,87Br
87Ga,16898.57,87Ga
87Ge,11634.57,87Ge
87Kr,1412.57,87Kr
87Mo,5258.241,87Mo
87Nb,2651.161,87Nb
87Rb,81.7,87Rb
87Se,4661.57,87Se
87Y,0.361,87Y
87Zr,823.0409999999999,87Zr
88As,10087.53,88As
88Br,4122.71,88Br
88Kr,2416.71,88Kr
88Mo,1303.29,88Mo
88Nb,1303.29,88Nb
88Rb,2051.37,88Rb
88Se,6335.530000000001,88Se
88Tc,4300.91,88Tc
88Y,0.755,88Y
89Br,5131.43,89Br
89Kr,2772.56,89Kr
89Mo,3154.4300000000003,89Mo
89Nb,1170.49,89Nb
89Rb,1522.56,89Rb
89Se,8257.43,89Se
89Sr,587.06,89Sr
89Tc,3154.4300000000003,89Tc
89Zr,89.94,89Zr
8B,6381.46,8B
8Be,45.95,8Be
8He,10693.95,8He
8Li,6293.95,8Li
90Br,7075.0,90Br
90Kr,4175.610000000001,90Kr
90Mo,457.34,90Mo
90Nb,338.57,90Nb
90Rb,3045.61,90Rb
90Ru,0.0,90Ru
90Se,9979.0,90Se
90Sr,1129.41,90Sr
90Y,933.61,90Y
91Br,8141.05,91Br
91Kr,4724.05,91Kr
91Mo,1449.426,91Mo
91Nb,0.186,91Nb
91Rb,2635.48,91Rb
91Rh,9843.476,91Rh
91Ru,6143.876,91Ru
91Se,11926.05,91Se
91Sr,1246.48,91Sr
91Tc,3110.876,91Tc
91Y,603.0,91Y
92Br,11151.35,92Br
92Kr,7147.410000000001,92Kr
92Nb,0.0,92Nb
92Rb,5156.73,92Rb
92Rh,2383.88,92Rh
92Ru,2383.88,92Ru
92Sr,1658.73,92Sr
92Tc,1652.03,92Tc
92Y,1450.19,92Y
93Br,10590.38,93Br
93Kr,7041.389999999999,93Kr
93Pd,5566.599999999999,93Pd
93Rb,4171.09,93Rb
93Rh,5566.599999999999,93Rh
93Ru,2401.65,93Ru
93Sr,1982.99,93Sr
93Tc,37.99,93Tc
93Y,1191.49,93Y
93Zr,19.2,93Zr
94Br,12087.0,94Br
94Kr,8068.0,94Kr
94Nb,143.66,94Nb
94Pd,2884.8,94Pd
94Rb,5121.0,94Rb
94Rh,2884.8,94Rh
94Se,16276.0,94Se
94Sr,2671.0,94Sr
94Tc,37.66,94Tc
94Y,1829.4,94Y
95Ag,2946.02,95Ag
95Br,12697.43,95Br
95Kr,9104.43,95Kr
95Nb,43.43,95Nb
95Rb,6049.43,95Rb
95Rh,952.43,95Rh
95Ru,72.58,95Ru
95Sr,3476.4300000000003,95Sr
95Tc,0.0,95Tc
95Y,1575.13,95Y
95Zr,160.43,95Zr
96Ag,3173.27,96Ag
96Br,15808.67,96Br
96Kr,11339.67,96Kr
96Nb,249.09,96Nb
96Pd,887.41,96Pd
96Rb,8266.67,96Rb
96Rh,680.92,96Rh
96Sr,4608.31,96Sr
96Tc,0.0,96Tc
96Y,2656.43,96Y
97Kr,12497.63,97Kr
97Nb,467.5,97Nb
97Pd,1281.38,97Pd
97Rb,8663.630000000001,97Rb
97Rh,518.61,97Rh
97Ru,0.0,97Ru
97Sr,5651.87,97Sr
97Y,3368.96,97Y
97Zr,1172.4,97Zr
98Ag,2663.2200000000003,98Ag
98Cd,3614.36,98Cd
98Kr,14410.96,98Kr
98Nb,1627.5,98Nb
98Pd,1336.48,98Pd
98Rb,10918.96,98Rb
98Rh,1320.6,98Rh
98Sr,7288.27,98Sr
98Tc,118.0,98Tc
98Y,5187.280000000001,98Y
98Zr,2537.5,98Zr
99Ag,1773.82,99Ag
99Cd,1773.8200000000002,99Cd
99Kr,17057.519999999997,99Kr
99Mo,474.23,99Mo
99Nb,1863.4,99Nb
99Pd,455.8,99Pd
99Rb,12758.52,99Rb
99Rh,12.63,99Rh
99Sr,9104.53,99Sr
99Tc,84.6,99Tc
99Y,5910.06,99Y
99Zr,3558.24,99Zr
9C,0.0,9C
9Li,5710.0,9Li
